,Question,Answer,Label,rouge_score
0,"Hãy điền vào đoạn <MASKED> trong câu sau để hoàn thành 1 câu hỏi trắc nghiệm:
### Câu hỏi: Ngô Thì Nhậm từng làm [MASKED]
### Lựa chọn:
A: Triều Mạc, Lê, Trịnh 
B: Triều Lê, Mạc, Tây Sơn
C: Triều Lê, Trịnh, Tây Sơn 
D: Triều Mạc, Lê, Trịnh, Tây Sơn"," **A: Triều Mạc, Lê, Trịnh** 

**Giải thích:**

Ngô Thì Nhậm là một trong những nhà chính trị gia nổi tiếng của Việt Nam, ông từng nắm giữ các chức vụ quan trọng trong các triều đại:

* **Triều Mạc:** Ông là một trong những người sáng lập triều đại Mạc.
* **Triều Lê:** Ông từng làm quan trong triều đại Lê Sơ.
* **Tri",quan dưới triều đại nào?,0.07594936341047287
1,"Hãy điền vào đoạn <MASKED> trong câu sau để hoàn thành 1 câu hỏi trắc nghiệm:
### Câu hỏi: Chiếu cầu hiền ra [MASKED]
### Lựa chọn:
A: Kêu gọi những người theo Nguyễn Ánh ra giúp Tây Sơn 
B: Kêu gọi các Nho sĩ ra giúp nước
C: Kêu gọi những người giỏi võ ra giúp nước 
D: Kêu gọi kẻ sĩ Bắc Hà ra cộng tác với triều đình Tây Sơn"," **C: Kêu gọi những người giỏi võ ra giúp nước** 

**Giải thích:**

Câu hỏi đề cập đến việc ""Chiếu cầu hiền"" là một hành động chính trị, thường được sử dụng để cầu xin sự giúp đỡ từ những người có năng lực và uy tín. Trong câu hỏi, người ta muốn tìm ra người/nhóm người được gọi là ""giỏi võ"" để giúp nước. 

* **A**  là sai vì """,đời với mục đích gì?,0.0
2,"Hãy điền vào đoạn <MASKED> trong câu sau để hoàn thành 1 câu hỏi trắc nghiệm:
### Câu hỏi: Chiếu cầu hiền ra đời trong [MASKED]
### Lựa chọn:
A: Khi triều đại Lê – Trịnh sụp đổ 
B: Khi Trịnh Sâm lên ngôi vua
C: Nguyễn Huệ lên ngôi vua 
D: Khi triều đại Tây Sơn sụp đổ"," **A: Khi triều đại Lê – Trịnh sụp đổ** 

**Giải thích:**

* Chiếu cầu hiền là một trong những sáng kiến quan trọng của triều đại Lê - Trịnh. 
* Câu hỏi hỏi về thời điểm chiêu cầu hiền ra đời, nên đáp án A là phù hợp nhất. 


 
",hoàn cảnh đất nước như thế nào?,0.0
3,"Hãy điền vào đoạn <MASKED> trong câu sau để hoàn thành 1 câu hỏi trắc nghiệm:
### Câu hỏi: Đáp án không thể hiện đúng [MASKED]
### Lựa chọn:
A: Kẻ sĩ mai danh ẩn tích uổng phí tài năng 
B: Người ra làm quan thì giữ mình không dám nói thẳng
C: Nhiều người có tài năng còn chưa chịu ra giúp nước 
D: Nhiều người ngưỡng mộ tài năng của vua Quang Trung đã ra tiến cử"," **C**

**Giải thích:**

Câu hỏi đề cập đến một ý kiến ​​không đúng, nghĩa là đáp án không thể hiện đúng ý nghĩa của câu. 

* **C** là câu nói về những người có tài năng nhưng lại không ra giúp nước, điều này không phải là ý nghĩa của câu hỏi. 

Cả A, B, D đều có ý nghĩa liên quan đến tài năng và sự ứng dụng của nó. 


",thái độ của sĩ phu Bắc Hà:,0.025641025975346565
4,"Hãy điền vào đoạn <MASKED> trong câu sau để hoàn thành 1 câu hỏi trắc nghiệm:
### Câu hỏi: Giá trị nội dung [MASKED]
### Lựa chọn:
A: Tác phẩm là một văn kiện quan trọng thể hiện chủ trương đúng đắn của Nguyễn Huệ nhằm động viên tri thức Bắc Hà tham gia xây dựng đất nước 
B: Tác phẩm là một văn kiện quan trọng thể hiện chủ trương đúng đắn của Ngô Thì Nhậm nhằm động viên tri thức Bắc Hà tham gia xây dựng đất nước
C: Tác phẩm là một văn kiện quan trọng thể hiện chủ trương đúng đắn của Nguyễn Huệ nhằm động viên quân Tây Sơn tham gia xây dựng đất nước 
D: Tác phẩm là một văn kiện quan trọng thể hiện chủ trương đúng đắn của Nguyễn Huệ nhằm động viên quân Bắc Hà đi thi ra làm quan"," **[MASKED]** là **C**. 

**Giải thích:**

* Câu hỏi đề cập đến một văn kiện quan trọng thể hiện chủ trương đúng đắn của Nguyễn Huệ. 
*  Nguyễn Huệ là vua Tây Sơn, và quân Tây Sơn là quân đội của ông. 
*  Văn kiện này có thể là một văn kiện của Nguyễn Huệ, thể hiện chủ trương của ông để động viên quân Tây Sơn tham gia xây dựng đất nước",của Chiếu cầu hiền là:,0.02500000037252903
5,"Hãy điền vào đoạn <MASKED> trong câu sau để hoàn thành 1 câu hỏi trắc nghiệm:
### Câu hỏi: Nội dung của đoạn trích “Một thời đại [MASKED]
### Lựa chọn:
A: Các tác phẩm thuộc phong trào Thơ mới. 
B: Tinh thần Thơ mới
C: Chủ nghĩa hiện thực Việt Nam. 
D: Quan điểm nghệ thuật vị nhân sinh"," **B: Tinh thần Thơ mới**"" 

**Giải thích:**

* **Câu hỏi:**  Đoạn trích đề cập đến nội dung chính của một thời đại. 
* **Lựa chọn:**  Câu hỏi yêu cầu chọn nội dung chính của đoạn trích. 
* **Đáp án:**  Cụ thể hơn, đoạn trích đề cập đến ""Tinh thần Thơ mới"" là một khái niệm chính xác và đầy đủ",trong thi ca” bàn đến vấn đề gì?,0.05797101557254791
6,"Hãy điền vào đoạn <MASKED> trong câu sau để hoàn thành 1 câu hỏi trắc nghiệm:
### Câu hỏi: ""Chiếu cầu hiền"" là [MASKED]
### Lựa chọn:
A: Ngô Thì Nhậm 
B: Ngô Thì Sĩ
C: Ngô gia văn phái 
D: Quang Trung"," **B: Ngô Thì Sĩ** 

**Giải thích:**

* **Chiếu cầu hiền** là một trong những câu chuyện nổi tiếng về một vị tướng quân đội thời nhà Lê, Ngô Thì Sĩ. 

Cả A, C đều không đúng. 

* **Ngô Thì Sĩ** là một vị tướng quân đội thời nhà Lê, nổi tiếng với câu chuyện Chiếu cầu hiền. 
* **Quang",của tác giả nào?,0.0
7,"Hãy điền vào đoạn <MASKED> trong câu sau để hoàn thành 1 câu hỏi trắc nghiệm:
### Câu hỏi: Câu nào dưới đây nói đúng về [MASKED]
### Lựa chọn:
A: Sinh năm 1915, mất năm 1951. 
B: Sinh năm 1920, mất năm 2002.
C: Sinh năm 1930, mất năm 2008. 
D: Sinh năm 1909, mất năm 1982."," **Albert Einstein** ?

Lựa chọn: **D: Sinh năm 1879, mất năm 1955.** 

**Giải thích:**

Albert Einstein là một nhà vật lý người Đức, nổi tiếng với công trình nghiên cứu về thuyết lượng tử và công thức E=mc². 
",năm sinh và năm mất của Hoài Thanh?,0.1034482792019844
8,"Hãy điền vào đoạn <MASKED> trong câu sau để hoàn thành 1 câu hỏi trắc nghiệm:
### Câu hỏi: Hồn thơ “hùng tráng”, Hoài Thanh dùng chỉ nhà thơ [MASKED]
### Lựa chọn:
A: Lưu Trọng Lư 
B: Nguyễn Bính
C: Huy Thông 
D: Nguyễn Nhược Pháp"," **C: Huy Thông** 

**Giải thích:**

Huy Thông là nhà thơ nổi tiếng với phong cách thơ hùng tráng, mạnh mẽ, thể hiện sự kiêu hãnh, tự cường.  
",nào trong bài viết “Một thời đại trong thi ca”?,0.0
9,"Hãy điền vào đoạn <MASKED> trong câu sau để hoàn thành 1 câu hỏi trắc nghiệm:
### Câu hỏi: Hồn thơ “kì dị"", Hoài Thanh dùng chỉ nhà thơ [MASKED]
### Lựa chọn:
A: Xuân Diệu 
B: Huy Cận
C: Chế Lan Viên 
D: Hàn Mặc Tử"," **B: Huy Cận** 

**Giải thích:**

* Huy Cận là nhà thơ nổi tiếng với phong cách thơ ""kì dị"", thể hiện sự tinh tế, lãng mạn, đầy bi kịch. 

Cả các nhà thơ khác đều không phù hợp với tiêu chí ""kì dị"" của Hoài Thanh. 
",nào trong bài viết “Một thời đại trong thi ca”,0.0
10,"Hãy điền vào đoạn <MASKED> trong câu sau để hoàn thành 1 câu hỏi trắc nghiệm:
### Câu hỏi: Đoạn trích “Tôi có một ước [MASKED]
### Lựa chọn:
A: Nghị luận 
B: Tự sự
C: Biểu cảm 
D: Chính luận"," **[A]**"" 

**Câu trả lời chính xác là A: Nghị luận**

**Giải thích:**

* **Nghị luận:**  Nghị luận là một loại văn bản sử dụng để đưa ra ý kiến, lập luận và giải thích một vấn đề. 
* **Tự sự:** Tự sự là một loại văn bản kể về một sự kiện cụ thể trong quá khứ của người kể chuyện.
* **Biểu cảm:** Bi",mơ” được viết theo phương thức nào?,0.0
11,"Hãy điền vào đoạn <MASKED> trong câu sau để hoàn thành 1 câu hỏi trắc nghiệm:
### Câu hỏi: Bài diễn thuyết này được Martin Luther [MASKED]
### Lựa chọn:
A: Tại đài tưởng niệm Lin-cơn ngày 28/8/1963 
B: Tại đài tưởng niệm Lin-cơn ngày 29/8/1963
C: Tại đài tưởng niệm Lin-cơn ngày 29/8/1964 
D: Tại đài tưởng niệm Lin-cơn ngày 28/8/1964"," **B: Tại đài tưởng niệm Lin-cơn ngày 29/8/1963** 

**Giải thích:**

* Martin Luther đã diễn thuyết tại đài tưởng niệm Lin Bạch Đằng ngày 29/8/1963. 


",King đọc ở đâu vào thời gian nào?,0.0
12,"Hãy điền vào đoạn <MASKED> trong câu sau để hoàn thành 1 câu hỏi trắc nghiệm:
### Câu hỏi: Hồn thơ “quê mùa”, Hoài Thanh dùng chỉ nhà thơ [MASKED]
### Lựa chọn:
A: Nguyễn Nhược Pháp 
B: Nguyễn Bính
C: Lưu Trọng Lư 
D: Tố Hữu"," **C: Lưu Trọng Lư** 

**Lưu Trọng Lư** là nhà thơ nổi tiếng với những bài thơ mang đậm chất quê hương, phản ánh tâm hồn người dân quê hương. 
",nào trong bài viết “Một thời đại trong thi ca”,0.0476190485060215
13,"Hãy điền vào đoạn <MASKED> trong câu sau để hoàn thành 1 câu hỏi trắc nghiệm:
### Câu hỏi: Hồn thơ “trong sáng”, Hoài Thanh dùng chỉ nhà thơ [MASKED]
### Lựa chọn:
A: Thế Lữ 
B: Lưu Trọng Lư
C: Nguyễn Nhược Pháp 
D: Nguyễn Bính"," **B: Lưu Trọng Lư** 

**Giải thích:**

Lưu Trọng Lư là nhà thơ nổi tiếng với phong cách thơ ""trong sáng"", thể hiện sự tinh tế, uyển chuyển, giàu hình ảnh và ngôn ngữ. 

Cả A, C, D đều không đúng. 
",nào trong bài viết “Một thời đại trong thi ca”?,0.03703703731298447
14,"Hãy điền vào đoạn <MASKED> trong câu sau để hoàn thành 1 câu hỏi trắc nghiệm:
### Câu hỏi: Trong “Một thời đại thi ca”, Hoài Thanh viết: “Đời chúng ta nằm trong một chữ tôi. Mất bề rộng ta đi tìm bề sâu. Nhưng càng đi càng ớn lạnh”. [MASKED]
### Lựa chọn:
A: Thế Lữ 
B: Xuân Diệu
C: Lưu Trọng Lư 
D: Hàn Mặc Tử"," 

**Đáp án: C**

**Lưu Trọng Lư** là nhà thơ Việt Nam nổi tiếng, trong đó câu nói ""Đời chúng ta nằm trong một chữ tôi. Mất bề rộng ta đi tìm bề sâu. Nhưng càng đi càng ớn lạnh"" xuất hiện trong bài thơ ""**Một thời đại thi ca**"". 


 
","là nhận định của Hoài Thanh về hồn thơ của các nhà “Thơ mới” ở giai đoạn thoái trào. Cụm từ “nhưng động tiên đã khép”, ông chỉ nhà thơ nào?",0.08988764137029648
15,"Hãy điền vào đoạn <MASKED> trong câu sau để hoàn thành 1 câu hỏi trắc nghiệm:
### Câu hỏi: “Cầu hiền” ở đây [MASKED]
### Lựa chọn:
A: Người ăn ở hiền lành 
B: Người có tài
C: Người có đức 
D: Người có đức và tài"," **C: Người có đức** 

**Giải thích:**

Câu hỏi này đề cập đến ý nghĩa của từ ""cầu hiền"".  ""Cầu hiền"" là một cách nói ẩn dụ, ám chỉ đến người có đức tính tốt đẹp, hiền lành, có lòng nhân ái. 

* **A: Người ăn ở hiền lành**  là một cách diễn đạt khác, không chính xác.
* **B: Người có tài**  là",hướng tới đối tượng nào?,0.0
16,"Hãy điền vào đoạn <MASKED> trong câu sau để hoàn thành 1 câu hỏi trắc nghiệm:
### Câu hỏi: Tác giả của đoạn trích “Tôi [MASKED]
### Lựa chọn:
A: Aleksandr Sergeyevich Pushkin 
B: Mác –tin Lu-thơ Kinh
C: Rabindranath Tagore 
D: Vic-to Huy-gô"," **[A]**"" là **Aleksandr Sergeyevich Pushkin**. 

**Lý do:**

* **Aleksandr Sergeyevich Pushkin** là một nhà thơ và nhà văn Nga, được biết đến với tác phẩm thơ ca ngợi về tình yêu, thiên nhiên và cuộc sống. 

Cả các câu trả lời khác đều không đúng. 
* **Mác –tin Lu-thơ Kinh** là nhà thơ Việt Nam.
* **Rabindranath",có một ước mơ” là ai?,0.0533333346247673
17,"Hãy điền vào đoạn <MASKED> trong câu sau để hoàn thành 1 câu hỏi trắc nghiệm:
### Câu hỏi: Tác giả đã nêu ra cách nhận [MASKED]
### Lựa chọn:
A: So sánh bài hay với bài hay. 
B: So sánh bài hiện đại với bài cổ điển.
C: So sánh bài hay với bài tầm thường. 
D: So sánh bài tầm thường với bài tầm thường."," **[A: So sánh bài hay với bài hay.]** 

**Giải thích:**

Câu hỏi đề cập đến cách nhận xét bài hay, nên câu trả lời phải liên quan đến cách so sánh bài hay với bài hay. 

* **A: So sánh bài hay với bài hay:** Đây là cách nhận xét bài hay dựa trên tiêu chí chung của bài hay.
* **B: So sánh bài hiện đại với bài cổ điển:**  Đây là cách so sánh",diện tinh thần Thơ mới như thế nào?,0.0
18,"Hãy điền vào đoạn <MASKED> trong câu sau để hoàn thành 1 câu hỏi trắc nghiệm:
### Câu hỏi: Câu văn “Người hiền xuất hiện ở đời, thì như [MASKED]
### Lựa chọn:
A: Nhân tài Bắc Hà nhiều như sao trên trời. 
B: Người hiền theo Quang Trung rất nhiều như sao trời
C: Người hiền ở Bắc Hà rất hiếm có 
D: So sánh người hiền tài như vì sao tinh tú. Đề cao vị trí, vai trò của người hiền tài."," **B: Người hiền theo Quang Trung rất nhiều như sao trời**"" 

**Giải thích:**

* **Câu văn:** Câu văn sử dụng so sánh để diễn đạt ý nghĩa về sự hiếm hoi của người hiền. 
* **Lựa chọn A, C, D:**  
    * A:  Không phù hợp,  ""Nhân tài Bắc Hà nhiều như sao trên trời""  là một câu văn không liên quan đến ý nghĩa của",ngôi sao sáng trên trời cao” nói lên nội dung gì?,0.07792207598686218
19,"Hãy điền vào đoạn <MASKED> trong câu sau để hoàn thành 1 câu hỏi trắc nghiệm:
### Câu hỏi: Đoạn trích “Tôi có [MASKED]
### Lựa chọn:
A: Ăn sáng với kim cương 
B: Người đàn ông của chúng tôi ở Havana
C: Bước đến tự do, Câu chuyện Mon-ga-mo- ri- Montgomery 
D: Một con gấu tên là Paddington, với hình minh họa của Peggy Fortnum"," **B: Người đàn ông của chúng tôi ở Havana**"" 

Câu hỏi trắc nghiệm này dựa trên đoạn trích, và đoạn trích này có thể được tìm thấy trong cuốn sách ""Người đàn ông của chúng tôi ở Havana"" của tác giả  **Ernest Hemingway**. 
",một ước mơ” nằm trong:,0.0357142873108387
20,"Hãy điền vào đoạn <MASKED> trong câu sau để hoàn thành 1 câu hỏi trắc nghiệm:
### Câu hỏi: Nữ phóng viên đầu [MASKED]
### Lựa chọn:
A: Manh Manh nữ sĩ 
B: Nguyễn Thị Bình
C: Trương Mỹ Hoa 
D: Hồ Xuân Hương"," **C: Trương Mỹ Hoa** 

**Giải thích:**

Trương Mỹ Hoa là một trong những nữ phóng viên nổi tiếng của Việt Nam, được biết đến với sự chuyên nghiệp và tài năng trong lĩnh vực báo chí. 
",tiên là viết về ai?,0.0476190485060215
21,"Hãy điền vào đoạn <MASKED> trong câu sau để hoàn thành 1 câu hỏi trắc nghiệm:
### Câu hỏi: Tên thật của Manh [MASKED]
### Lựa chọn:
A: Nguyễn Thị Khiêm 
B: Nguyễn Thị Kiêm
C: Nguyễn Thị Hoa 
D: Nguyễn Thị Lan"," là **B: Nguyễn Thị Kiêm**. 

**Giải thích:**

Câu hỏi này yêu cầu bạn điền vào chỗ trống trong câu hỏi dựa trên thông tin về tên thật của Manh. 

Cả A, C, D đều sai. 
",Manh nữ sĩ là:,0.04651162773370743
22,"Hãy điền vào đoạn <MASKED> trong câu sau để hoàn thành 1 câu hỏi trắc nghiệm:
### Câu hỏi: Bà Kiêm bắt đầu [MASKED]
### Lựa chọn:
A: Nổi tiếng về những bài diễn thuyết, những bài viết về bình đẳng giới và thơ mới 
B: Viết thơ
C: Viết bài ủng hộ thơ mới 
D: Viết kí"," **A: Nổi tiếng về những bài diễn thuyết, những bài viết về bình đẳng giới và thơ mới** 

**Giải thích:**

Câu hỏi hỏi về hành động bắt đầu của Bà Kiêm, nên câu trả lời phải liên quan đến hành động đó. 

* **A** là lựa chọn phù hợp nhất vì Bà Kiêm nổi tiếng với những bài diễn thuyết, bài viết về bình đẳng giới và thơ mới. 

* **B, C, D**",trở nên nổi tiếng khi:,0.07594936341047287
23,"Hãy điền vào đoạn <MASKED> trong câu sau để hoàn thành 1 câu hỏi trắc nghiệm:
### Câu hỏi: Dòng nào nói đúng nhất về [MASKED]
### Lựa chọn:
A: Sinh 1914 mất 2015 
B: Sinh 1914 mất 2005
C: Sinh 1913 mất 2005 
D: Sinh 1912 mất 2005"," **Sinh 1914 mất 2005** là:

**B: Sinh 1914 mất 2005** 

**Giải thích:**

* Câu hỏi yêu cầu về sự đúng đắn về một thông tin cụ thể. 
* Dòng B phù hợp với thông tin đó. 


 
",năm sinh năm mất của bà Kiêm?,0.06666667014360428
24,"Hãy điền vào đoạn <MASKED> trong câu sau để hoàn thành 1 câu hỏi trắc nghiệm:
### Câu hỏi: Sở trường của [MASKED]
### Lựa chọn:
A: Thơ 
B: Diễn thuyết
C: Phỏng vấn 
D: Phê bình"," **A: Thơ** 
 
 
 
 
",bà Kiêm là gì?,0.0
25,"Hãy điền vào đoạn <MASKED> trong câu sau để hoàn thành 1 câu hỏi trắc nghiệm:
### Câu hỏi: Bà Kiêm là phóng [MASKED]
### Lựa chọn:
A: Phụ nữ Tân thời 
B: Đuốc An Nam
C: Phụ nữ Tân văn 
D: Thần chung"," **B: Đuốc An Nam** 

**Giải thích:**

* Bà Kiêm là một trong những nhân vật nổi tiếng trong văn học Việt Nam, được biết đến với vai trò là một người phụ nữ tài năng, mạnh mẽ và có uy tín. 
* **Đuốc An Nam** là một loại hình văn học cổ đại, thể hiện sự sáng tạo và phong phú của văn hóa Việt Nam. 


 
",viên của tờ báo nào?,0.027397260069847107
26,"Hãy điền vào đoạn <MASKED> trong câu sau để hoàn thành 1 câu hỏi trắc nghiệm:
### Câu hỏi: Tại kì Pa-ra-lim-pích Tô-ky-ô 2020 vận [MASKED]
### Lựa chọn:
A: Van Gát 
B: Henry
C: Hanry 
D: Xnai – đơ"," **C: Hanry** 

**Giải thích:**

* **Hanry** là tên của một nhà sản xuất xe hơi. 
* **Van Gát** là một loại xe hơi.
* **Henry** là tên của một nhà sản xuất xe hơi.
* **Xnai – đơ** là một loại xe hơi. 



",động viên xuất sắc nhất là:,0.07999999821186066
27,"Hãy điền vào đoạn <MASKED> trong câu sau để hoàn thành 1 câu hỏi trắc nghiệm:
### Câu hỏi: Đến Pa-ra-lim-pích Ri-ô đờ Gia - nê [MASKED]
### Lựa chọn:
A: 2 huy chương vàng 
B: 3 huy chương vàng
C: 4 huy chương vàng 
D: 6 huy chương vàng"," **C: 4 huy chương vàng** 

**Giải thích:**

Câu hỏi này đề cập đến kết quả của một sự kiện thể thao, cụ thể là Pa-ra-lim-pích Ri-ô đờ Gia - nê.  

* **Huy chương vàng** là một phần thưởng cao nhất trong các giải đấu thể thao. 
* Câu hỏi muốn hỏi về số lượng huy chương vàng mà người chơi đạt được. 


 
",- rô Xnai-đơ dành được mấy chương:,0.05263157933950424
28,"Hãy điền vào đoạn <MASKED> trong câu sau để hoàn thành 1 câu hỏi trắc nghiệm:
### Câu hỏi: Trong lần tham dự Pa-ra-lim-pích đầu [MASKED]
### Lựa chọn:
A: 2 huy chương vàng 2 huy chương bạc 
B: 2 huy chương vàng 1 huy chương bạc
C: 2 huy chương vàng 1 huy chương đồng 
D: 2 huy chương bạc 1 huy chương đồng"," **[A: 2 huy chương vàng 2 huy chương bạc]** 

**Giải thích:**

Câu hỏi hỏi về lần tham dự Pa-ra-lim-pích đầu, và đề cập đến số huy chương vàng và bạc. 

**Lưu ý:** 

* Câu hỏi không cho biết loại huy chương nào được trao giải trong lần tham dự đó. 
* Câu trả lời A phù hợp nhất với thông tin đề cập đến số huy chương vàng","tiên, Van Gát đã dành được:",0.02500000037252903
29,"Hãy điền vào đoạn <MASKED> trong câu sau để hoàn thành 1 câu hỏi trắc nghiệm:
### Câu hỏi: Trong nói và viết, [MASKED]
### Lựa chọn:
A: Ngôn ngữ nói được ghi lại bằng chữ viết. 
B: Ngôn ngữ viết được trình bày lại bằng lời nói.
C: Dùng ngôn ngữ nói và ngôn ngữ viết đúng lúc, đúng chỗ. 
D: Dùng những yếu tố đặc thù của ngôn ngữ viết khi nói."," **C: Dùng ngôn ngữ nói và ngôn ngữ viết đúng lúc, đúng chỗ.** 

**Giải thích:**

* **A** sai vì ngôn ngữ viết được ghi lại bằng chữ viết, không phải là ngôn ngữ nói.
* **B** sai vì ngôn ngữ viết được trình bày lại bằng lời nói, nhưng không phải là ngôn ngữ viết.
* **C** đúng vì ngôn ngữ nói và ngôn ngữ viết là hai phương thức giao tiếp khác nhau, nhưng chúng",cần tránh hiện tượng nào?,0.0
30,"Hãy điền vào đoạn <MASKED> trong câu sau để hoàn thành 1 câu hỏi trắc nghiệm:
### Câu hỏi: Nhận xét nào về các câu văn [MASKED]
### Lựa chọn:
A: Có người nói và người nghe. 
B: Người nghe không có mặt.
C: Được thể hiện bằng âm thanh và ngữ điệu. 
D: Ngôn ngữ tự nhiên, trau chuốt."," **[C]**: 

**Đáp án: C**

**Giải thích:**

* **C** là câu trả lời chính xác nhất. 
    * Câu văn được thể hiện bằng âm thanh và ngữ điệu. 

* **A** là sai vì câu văn có thể được nói, nhưng không phải lúc nào cũng có người nói và người nghe. 
* **B** là sai vì câu văn có thể được nghe, nhưng không phải lúc nào",vần trong truyện Tấm Cám chưa chính xác?,0.0555555559694767
31,"Hãy điền vào đoạn <MASKED> trong câu sau để hoàn thành 1 câu hỏi trắc nghiệm:
### Câu hỏi: Văn bản Trí thông minh [MASKED]
### Lựa chọn:
A: Hồ sơ tương lai: lược sử 50 năm tới 
B: Kĩ thuật số và con người: chúng ta sẽ sống, yêu và suy nghĩ ra sao trong tương lai
C: 50 ý tưởng về tương lai 
D: Trí tuệ tương lai: kỉ nguyên thông tin đã thay đổi đầu óc chúng ta như thế thế nào, tại sao và chúng ta có thể làm gì?"," **D: Trí tuệ tương lai: kỉ nguyên thông tin đã thay đổi đầu óc chúng ta như thế thế nào, tại sao và chúng ta có thể làm gì?** 
",nhân tạo được trích từ:,0.0
32,"Hãy điền vào đoạn <MASKED> trong câu sau để hoàn thành 1 câu hỏi trắc nghiệm:
### Câu hỏi: Thuật ngữ trí thông minh nhân [MASKED]
### Lựa chọn:
A: 1946 
B: 1956
C: 1966 
D: 1976"," **C: 1966** 

**Giải thích:**

Thuật ngữ ""tri thông minh nhân"" là một thuật ngữ được sử dụng để chỉ về sự phát triển và cải thiện trí tuệ của con người. 

* **1946, 1956, 1976**  là các năm lịch sử, không liên quan đến thuật ngữ này. 
 
 
",tạo được ra đời vào năm nào?,0.056338027119636536
33,"Hãy điền vào đoạn <MASKED> trong câu sau để hoàn thành 1 câu hỏi trắc nghiệm:
### Câu hỏi: Thuật ngữ trí thông minh [MASKED]
### Lựa chọn:
A: Giôn Mác Cát-thi 
B: Mít-sen Cây-pơ
C: Bin Can-vin 
D: Một đáp án khác"," **C: Bin Can-vin** 

**Giải thích:**

* **Bin Can-vin** là thuật ngữ được sử dụng để chỉ về trí thông minh, đặc biệt là trong lĩnh vực khoa học và kỹ thuật. 

Cả các lựa chọn khác đều không đúng. 

* **Giôn Mác Cát-thi** là một thuật ngữ trong lĩnh vực giáo dục.
* **Mít-sen Cây-pơ** là một thuật ngữ",nhân tạo do ai đặt ra:,0.0
34,"Hãy điền vào đoạn <MASKED> trong câu sau để hoàn thành 1 câu hỏi trắc nghiệm:
### Câu hỏi: Tác giả của văn bản Trí [MASKED]
### Lựa chọn:
A: Ri-sát Oát-xơn 
B: Giôn Mát Cát-thi
C: Mít-sen Cây-pơ 
D: Bin Can-vin"," **""Trí""** là **B: Giôn Mát Cát-thi**. 
",thông minh nhân tạo là ai?,0.125
35,"Hãy điền vào đoạn <MASKED> trong câu sau để hoàn thành 1 câu hỏi trắc nghiệm:
### Câu hỏi: Địa điểm tổ chức cuộc đua thể thao đầu tiên dành [MASKED]
### Lựa chọn:
A: Nhật Bản 
B: Anh
C: Bệnh viện Xtốc Men-đơ-vin 
D: Mỹ"," **cho người khuyết tật** 

**Lựa chọn:**  **C** 

**Giải thích:** 

* **Câu hỏi:**  Đâu là địa điểm tổ chức cuộc đua thể thao đầu tiên dành cho người khuyết tật?
* **Lựa chọn C:** Bệnh viện Xtốc Men-đơ-vin là nơi tổ chức cuộc đua thể thao đầu tiên dành cho người khuyết tật. 


 
",cho các cựu chiến binh thế chiến thứ 2 là ở:,0.08219178020954132
36,"Hãy điền vào đoạn <MASKED> trong câu sau để hoàn thành 1 câu hỏi trắc nghiệm:
### Câu hỏi: Theo nhà tương lai học Ray Cơ-dơ-uên thì máy tính [MASKED]
### Lựa chọn:
A: 2019 
B: 2029
C: 2039 
D: 2049"," **C: 2039** 

**Giải thích:**

Ray Cơ-dơ-uên là một nhà khoa học tương lai học nổi tiếng, ông cho rằng máy tính sẽ phát triển theo một chu kỳ. Ông dự đoán rằng máy tính sẽ đạt đến một mức độ tiên tiến vượt xa hiện tại vào năm **2039**. 

Cụ thể, ông cho rằng vào năm 2039, máy tính sẽ có khả năng:

",sẽ vượt qua bài kiểm tra Tu-rinh vào năm nào?,0.06521739065647125
37,"Hãy điền vào đoạn <MASKED> trong câu sau để hoàn thành 1 câu hỏi trắc nghiệm:
### Câu hỏi: Tại cuộc đua thể thao đầu tiên dành cho các cựu chiến [MASKED]
### Lựa chọn:
A: 14 
B: 15
C: 16 
D: 17"," **sĩ** 

**Đáp án:** C 
",binh thế chiến thứ 2 có bao nhiêu vận động viên tham gia?,0.0
38,"Hãy điền vào đoạn <MASKED> trong câu sau để hoàn thành 1 câu hỏi trắc nghiệm:
### Câu hỏi: Năm 1988 cả Pa-ra-lim-pích và Ô-lim-pích [MASKED]
### Lựa chọn:
A: Seoul 
B: Hy Lạp
C: Thổ Nhĩ Kì 
D: Một đáp án khác"," **[C] Thổ Nhĩ Kì** 

**Giải thích:**

Câu hỏi này đề cập đến sự kiện năm 1988.  Thổ Nhĩ Kì là nơi diễn ra Thế vận hội Olympic 1988. 
",đều được tổ chức tại thành phố:,0.0
39,"Hãy điền vào đoạn <MASKED> trong câu sau để hoàn thành 1 câu hỏi trắc nghiệm:
### Câu hỏi: Theo tác giả thì đến năm 2040 các bộ não [MASKED]
### Lựa chọn:
A: 100 nghìn tỉ lệnh 
B: 200 nghìn tỉ lệnh
C: 300 nghìn tỉ lệnh 
D: Một con số khác"," **C: 300 nghìn tỉ lệnh** 
 
 
**Giải thích:**

Câu hỏi này đề cập đến một khía cạnh tương lai của công nghệ và trí tuệ nhân tạo.  

* **A: 100 nghìn tỉ lệnh**  và **B: 200 nghìn tỉ lệnh**  là những con số lớn, nhưng không phải là thông tin chính xác trong câu hỏi. 
* **D",máy có thể xử lí bao nhiêu lệnh mỗi giây?,0.025641025975346565
40,"Hãy điền vào đoạn <MASKED> trong câu sau để hoàn thành 1 câu hỏi trắc nghiệm:
### Câu hỏi: Đoạn trích ‘Vợ nhặt’ [MASKED]
### Lựa chọn:
A: Nam Cao 
B: Ngô Tất Tố
C: Kim Lân 
D: Chế Lan Viên"," là của tác giả **B: Ngô Tất Tố**. 
",là của tác giả nào?,0.5714285969734192
41,"Hãy điền vào đoạn <MASKED> trong câu sau để hoàn thành 1 câu hỏi trắc nghiệm:
### Câu hỏi: Giá trị hiện thực của [MASKED]
### Lựa chọn:
A: Cho thấy một thảm cảnh thê thảm của những con người nghèo trong nạn đói 1945 do phát xít Nhật và thực dân Pháp gây nên. 
B: Tố cáo tội ác của bọn thực dân phát xít.
C: Thể hiện lòng cảm thông sâu sắc đối với số phận con người trong nạn đói. 
D: Là bài ca ca ngợi sự sống, tình thương, sự cưu mang, đùm bọc, khát vọng"," **A** là: 

**Cụm từ ""Cho thấy một thảm cảnh thê thảm của những con người nghèo trong nạn đói 1945 do phát xít Nhật và thực dân Pháp gây nên""** cho thấy giá trị hiện thực của nó là một **thảm cảnh, một hiện thực, một sự thật**. 

**Giải thích:**

* **A** đúng, vì nó trực tiếp mô tả một hiện thực, một sự thật về",truyện ngắn “Vợ nhặt” là:,0.02469135820865631
42,"Hãy điền vào đoạn <MASKED> trong câu sau để hoàn thành 1 câu hỏi trắc nghiệm:
### Câu hỏi: Mở đầu cho truyện ngắn với hình ảnh Chí Phèo “vừa đi vừa chửi” thật hài [MASKED]
### Lựa chọn:
A: Nam Cao mô tả thật đúng hình ảnh những gã say rượu thường không tự chủ được bản thân. 
B: Làm người đọc hả hê vì Chí Phèo đă chửi tất tần tật, là một dự báo trừng phạt bọn cường hào ác bá ở làng Vũ Đại.
C: Hấp dẫn người đọc vì Chí Phèo đã nhận thức được nguyên nhân cuộc đời mình tha hoá là do bọn cường hào ác bá làng xã. 
D: Tạo cái bề ngoài hài hước của Chí Phèo lại là biểu hiện của một tấn bi kịch bên trong. Nụ cười bất giác ban đầu lại lắng đọng một dự vị buồn đau, chua chát trong lòng độc giả."," **A: Nam Cao mô tả thật đúng hình ảnh những gã say rượu thường không tự chủ được bản thân.** 

**Giải thích:**

* **Câu A** đúng vì câu này nói về Chí Phèo ""vừa đi vừa chửi"" là một hình ảnh hài hước, phù hợp với cách Nam Cao mô tả Chí Phèo. 

* **Câu B** nói về Chí Phèo đă chửi là một dự báo trừng phạt, không",hước và lôi cuốn độc giả đã thể hiện điều gì trong ngòi bút Nam Cao ?,0.0625
43,"Hãy điền vào đoạn <MASKED> trong câu sau để hoàn thành 1 câu hỏi trắc nghiệm:
### Câu hỏi: Mở đầu là hình ảnh chiếc lò gạch cũ và [MASKED]
### Lựa chọn:
A: Tác giả muốn giới thiệu với độc giả việc làm quanh năm của nông dân làng Vũ Đại là sản xuất gạch. 
B: Hình ảnh lò gạch bỏ hoang, khiến người đọc hiểu đó là nghề truyền thống của làng Vũ Đại đã mai một.
C: Nó gợi lên cái vòng luẩn quẩn, bế tắc, đau thương không lối thoát của người nông dân Việt Nam trong xã hội cũ. 
D: Đời sống nông dân làng Vũ Đại hoang tàn như cái lò gạch cũ."," **B** 

**Giải thích:**

* **A**  là sai vì nó không phù hợp với hình ảnh lò gạch bỏ hoang.
* **C**  là sai vì nó không phù hợp với hình ảnh lò gạch bỏ hoang.
* **D**  là sai vì nó không phù hợp với hình ảnh lò gạch bỏ hoang.

**Lựa chọn B** là phù hợp nhất bởi vì:

* **Hình ảnh lò gạch bỏ hoang**  là một",kết thúc cũng như thế. Điều đó có ý nghĩa gì?,0.0
44,"Hãy điền vào đoạn <MASKED> trong câu sau để hoàn thành 1 câu hỏi trắc nghiệm:
### Câu hỏi: Câu nào sau đây là nhận định đúng [MASKED]
### Lựa chọn:
A: Là những dòng tâm tư nồng nhiệt, tha thiết, trong trẻo của nhà thơ trẻ hướng về ruộng đồng, quê hương, về những con người thân yêu, về những kỉ niệm của một thời hoạt động cách mạng sôi nổi. 
B: Nỗi nhớ thương mẹ già còng lưng trên những cánh đồng
C: Là nỗi hoang mang của chàng trai trẻ lần đầu bị giam cầm. 
D: Là nỗi lòng tha thiết nhớ về người yêu - là một cô thôn nữ."," **A: Là những dòng tâm tư nồng nhiệt, tha thiết, trong trẻo của nhà thơ trẻ hướng về ruộng đồng, quê hương, về những con người thân yêu, về những kỉ niệm của một thời hoạt động cách mạng sôi nổi.** 

**Giải thích:**

* **Câu A** mô tả rõ nét tâm tư, cảm xúc của nhà thơ trẻ, hướng về quê hương, ruộng đồng, con người thân yêu và kỉ niệm thời hoạt",về bài thơ “Nhớ đồng” của Tố Hữu?,0.06818182021379471
45,"Hãy điền vào đoạn <MASKED> trong câu sau để hoàn thành 1 câu hỏi trắc nghiệm:
### Câu hỏi: Tâm trạng của tác giả trong [MASKED]
### Lựa chọn:
A: Bâng khuâng, bồn chồn trước cảnh lao tù. 
B: Buồn và nhớ quê hương, đồng bào da diết.
C: Vui tươi, phấn khởi khi nhớ lại những kỉ niệm xưa. 
D: Luyến tiếc, nhớ nhung cuộc sống tự do."," **D: Luyến tiếc, nhớ nhung cuộc sống tự do.** 

**Giải thích:**

Câu hỏi đề cập đến tâm trạng của tác giả trong văn bản.  Cụ thể hơn, câu hỏi muốn biết tâm trạng của tác giả trong đoạn văn. 

* **A:**  Bâng khuâng, bồn chồn trước cảnh lao tù.  là tâm trạng của người bị giam giữ, bị tra tấn.
* **B:** Bu",bài thơ “Nhớ đồng” là gì?,0.0533333346247673
46,"Hãy điền vào đoạn <MASKED> trong câu sau để hoàn thành 1 câu hỏi trắc nghiệm:
### Câu hỏi: Nhân vật Tràng được miêu tả [MASKED]
### Lựa chọn:
A: Hiền lành, vui tính, hay vui đùa với mấy đứa trẻ trong xóm 
B: Lầm lì ít nói
C: Khuôn mặt dữ dằn, bặm trợn, hay cáu kỉnh 
D: Tất cả các phương án trên đều đúng"," **A: Hiền lành, vui tính, hay vui đùa với mấy đứa trẻ trong xóm** 

**Giải thích:**

Câu hỏi hỏi về cách miêu tả nhân vật Tràng, nên ta cần chọn phương án phù hợp với cách miêu tả nhân vật. 

* **A: Hiền lành, vui tính, hay vui đùa với mấy đứa trẻ trong xóm** là cách miêu tả Tràng theo đúng tiêu chí của câu hỏi. ",với tính cách như thế nào?,0.0476190485060215
47,"Hãy điền vào đoạn <MASKED> trong câu sau để hoàn thành 1 câu hỏi trắc nghiệm:
### Câu hỏi: Đoạn thơ từ câu “Đâu những ngày xưa, tôi nhớ tôi” [MASKED]
### Lựa chọn:
A: Niềm say mê lí tưởng, khát khao tự do và hành động của tác giả. 
B: Sự tái hiện hình ảnh con người quê hương trong tâm hồn tác giả.
C: Hồi ức của tác giả về những hình ảnh gắn liền với quê hương. 
D: Sự nhớ nhung người bạn mà tác giả đề tặng bài thơ."," **C** 

**Giải thích:**

Câu thơ ""Đâu những ngày xưa, tôi nhớ tôi"" là một đoạn thơ mở đầu cho một bài thơ, thể hiện tâm trạng của tác giả về một thời gian quá khứ, một thời gian đầy nhớ nhung. 

* **A**  là sai vì nó không phù hợp với đoạn thơ.
* **B**  là sai vì đoạn thơ không nói về hình ảnh con người quê hương.
* **C",đến “Như cảnh chim buồn nhớ gió mây” thể hiện điều gì?,0.0731707289814949
48,"Hãy điền vào đoạn <MASKED> trong câu sau để hoàn thành 1 câu hỏi trắc nghiệm:
### Câu hỏi: Dòng nào sau đây khái khát đúng nhất về ý nghĩa đặc biệt của “bát cháo [MASKED]
### Lựa chọn:
A: Vật đầu tiên Chí Phèo được cho, không do cướp giật mà có. 
B: Vật biểu trưng cho hương vị ngọt ngào của hạnh phúc, tình yêu
C: Vật biểu trưng cho tình người thơm thảo trong xã hội cũ. 
D: Vật biểu trưng cho niềm khát khao hạnh phúc của Chí Phèo"," **[B]”?**

**Lựa chọn: B**

**Giải thích:**

* **Bát cháo** trong văn học Việt Nam thường được xem là một biểu tượng cho **hạnh phúc, tình yêu, và sự ấm áp**. Nó thể hiện sự quan tâm, yêu thương, và sự chung thủy của người mẹ, người vợ, người cha, người con. 

* **Câu hỏi trắc nghiệm** đề cập đến ý nghĩa đặc biệt của """,hành” mà thị Nở mang cho Chí Phèo trong tác phẩm cùng tên của Nam Cao?,0.04878048598766327
49,"Hãy điền vào đoạn <MASKED> trong câu sau để hoàn thành 1 câu hỏi trắc nghiệm:
### Câu hỏi: Nguyên nhân nào đã đẩy Chí Phèo từ một [MASKED]
### Lựa chọn:
A: Vì đánh bạc. 
B: Vì ăn trộm đồ nhà Bá Kiến.
C: Vì giết người trong làng. 
D: Vì bị Bá Kiến ghen tuông"," **B: Vì ăn trộm đồ nhà Bá Kiến** 

**Giải thích:**

Câu hỏi đề cập đến nguyên nhân đẩy Chí Phèo vào con đường bi kịch.  Trong văn bản, Chí Phèo bị đẩy vào thế giới đen tối và tội ác do hành động ăn trộm đồ nhà Bá Kiến. 

* **A: Vì đánh bạc** là một nguyên nhân có thể dẫn đến sự túng quẫn, nhưng không phải là nguyên nhân chính.","thanh niên hiền lành, lương thiện phải vào tù?",0.04545454680919647
50,"Hãy điền vào đoạn <MASKED> trong câu sau để hoàn thành 1 câu hỏi trắc nghiệm:
### Câu hỏi: Đâu không là sáng tác [MASKED]
### Lựa chọn:
A: Từ ấy 
B: Ra trận
C: Việt Bắc 
D: Chiều tối"," **C: Việt Bắc** 

**Giải thích:**

* **A: Từ ấy** là một từ ngữ, không phải là một tác phẩm sáng tác.
* **B: Ra trận** là một hoạt động, không phải là một tác phẩm sáng tác.
* **C: Việt Bắc** là một địa danh, không phải là một tác phẩm sáng tác.
* **D: Chiều tối** là một thời gian, không phải là một tác phẩm sáng",tiêu biểu của Tố Hữu,0.0
51,"Hãy điền vào đoạn <MASKED> trong câu sau để hoàn thành 1 câu hỏi trắc nghiệm:
### Câu hỏi: Cảm hứng của bài thơ [MASKED]
### Lựa chọn:
A: Những âm thanh hết sức bình dị của cuộc sống. 
B: Những kỉ niệm từ ngày tác giả còn hoạt động cách mạng.
C: Tiếng chim tu hú gọi hè nơi tác giả bị giam cầm. 
D: Tiếng hò vọng vào nhà tù, nơi tác giả bị giam cầm."," **C:** Tiếng chim tu hú gọi hè nơi tác giả bị giam cầm. 

**Giải thích:**

* Bài thơ có thể liên quan đến cảm hứng của người viết khi bị giam cầm. 
* Tiếng chim tu hú gọi hè là một hình ảnh quen thuộc, mang tính bình dị và tự nhiên, phản ánh sự trôi chảy của cuộc sống. 
* Bài thơ có thể thể hiện sự bất lực, sự cô đơn, và sự trôi chảy",“Nhớ đồng” được hình thành từ:,0.0235294122248888
52,"Hãy điền vào đoạn <MASKED> trong câu sau để hoàn thành 1 câu hỏi trắc nghiệm:
### Câu hỏi: Sau khi đi ở tù về, Chí Phèo trong tác phẩm [MASKED]
### Lựa chọn:
A: Chán đời, không muốn sống. 
B: Làm ăn lương thiện để kiếm sống.
C: Trở thành kẻ lưu manh, côn đồ. 
D: Hiền lành, nhẫn nhục và nhút nhát."," **C: Trở thành kẻ lưu manh, côn đồ.** 
",cùng tên của Nam Cao trở thành con người như thế nào?,0.27272728085517883
53,"Hãy điền vào đoạn <MASKED> trong câu sau để hoàn thành 1 câu hỏi trắc nghiệm:
### Câu hỏi: Tính cách của nhân vật bá Kiến [MASKED]
### Lựa chọn:
A: Con người xảo quyệt, độc ác, háo sắc. 
B: Con người lọc lõi, hiểm ác, gian hùng
C: Thâm độc, tham tàn, gian xảo. 
D: Lọc lõi, háo lợi, háo danh."," **[C: Thâm độc, tham tàn, gian xảo.]** 

**Giải thích:**

Câu hỏi đề cập đến tính cách của nhân vật bá Kiến, một nhân vật trong văn học.  

* **Thâm độc, tham tàn, gian xảo** là cách diễn đạt chính xác nhất về tính cách của bá Kiến. 

Các lựa chọn khác không phù hợp:

* **A: Con người xảo quyệt, độc ác,",nói một cách khái quát nhất là:,0.0810810774564743
54,"Hãy điền vào đoạn <MASKED> trong câu sau để hoàn thành 1 câu hỏi trắc nghiệm:
### Câu hỏi: Công việc của [MASKED]
### Lựa chọn:
A: Nông dân 
B: Kéo xe bò thuê
C: Cày thuê 
D: Xay lúa thuê"," **C** là: 
 
 **C: Cày thuê** 

**Giải thích:**

Câu hỏi hỏi về công việc của ai đó, trong đó ""Cày thuê"" là một công việc phổ biến trong nông thôn, người ta thường thuê người cày thuê để làm việc trên ruộng. 
",Tràng là gì?,0.03999999910593033
55,"Hãy điền vào đoạn <MASKED> trong câu sau để hoàn thành 1 câu hỏi trắc nghiệm:
### Câu hỏi: Câu thơ đề từ “Bâng khuâng trời rộng nhớ [MASKED]
### Lựa chọn:
A: Thể hiện nỗi buồn và sự nhớ thương trước vũ trụ bao la, bát ngát. 
B: Thể hiện tâm trạng cô đơn của thi sĩ
C: Thể hiện tâm trạng bâng khuâng của con người khi đối diện với thiên nhiên. 
D: Thể hiện sự nhỏ bé của con người trước vũ trụ bao la đến rợn ngợp"," **A: Thể hiện nỗi buồn và sự nhớ thương trước vũ trụ bao la, bát ngát.** 

**Giải thích:**

* **Câu thơ đề từ** là một phần của câu thơ, thường là một đoạn văn ngắn, để tạo ra một câu hỏi trắc nghiệm. 
* **Thể hiện nỗi buồn và sự nhớ thương trước vũ trụ bao la, bát ngát** là một cách diễn đạt chính xác nhất về ý nghĩa của câu thơ. 

",sông dài” của bài Tràng giang có ý nghĩa:,0.0941176488995552
56,"Hãy điền vào đoạn <MASKED> trong câu sau để hoàn thành 1 câu hỏi trắc nghiệm:
### Câu hỏi: Cái cảm giác trống trải, xa vắng của không gian ""tràng giang"" trong khổ thơ thứ ba [MASKED]
### Lựa chọn:
A: Điệp cú pháp và từ phủ định. 
B: Ẩn dụ.
C: Âm hưởng, nhạc điệu. 
D: Cảnh ngụ tình."," **D: Cảnh ngụ tình.** 

**Giải thích:**

* **Ẩn dụ (B):**  Ẩn dụ là sử dụng một hình ảnh, từ ngữ để ẩn dụ một ý nghĩa khác.
* **Điệp cú pháp và từ phủ định (A):** Điệp cú pháp và từ phủ định thường được sử dụng để tạo ra sự liên kết, nhưng không phải là cách diễn đạt chính xác cảm giác trống trải, xa vắng.
","bài “Tràng giang” của Huy Cận, chủ yếu được tô đậm bởi yếu tố nghệ thuật nào?",0.022727273404598236
57,"Hãy điền vào đoạn <MASKED> trong câu sau để hoàn thành 1 câu hỏi trắc nghiệm:
### Câu hỏi: Kết thúc truyện ngắn ""Vợ [MASKED]
### Lựa chọn:
A: Đàn quạ lượn thành từng đàn như những đám mây đen trên bầu trời 
B: Hình ảnh đoàn người đói và lá cờ đỏ sao vàng bay phấp phới
C: Tiếng trống thuế dồn dập 
D: Tiếng hờ khóc của những gia đình có người chết đói"," [**B**]"" 

**Lựa chọn:**

**B: Hình ảnh đoàn người đói và lá cờ đỏ sao vàng bay phấp phới** 

**Giải thích:**

Câu hỏi đề cập đến kết thúc truyện ngắn ""Vợ"" và lựa chọn A, C, D đều không phù hợp. 

* **A: Đàn quạ lượn thành từng đàn như những đám mây đen trên bầu trời**  là một hình ảnh đẹp,","nhặt"" là hình ảnh nào?",0.0833333358168602
58,"Hãy điền vào đoạn <MASKED> trong câu sau để hoàn thành 1 câu hỏi trắc nghiệm:
### Câu hỏi: Nỗi niềm thấm đẫm toàn bộ bài [MASKED]
### Lựa chọn:
A: nỗi hoài nghi. 
B: nỗi băn khoăn.
C: nỗi buồn. 
D: nỗi tuyệt vọng."," **C: nỗi buồn.** 

**Giải thích:**

Câu hỏi đề cập đến một cảm xúc sâu sắc, đầy đủ và tràn đầy. Từ ""thấm đẫm"" cho thấy sự dày đặc, sâu sắc của cảm xúc. Trong các lựa chọn, ""nỗi buồn"" là lựa chọn phù hợp nhất với khía cạnh này. 

* **Nỗi hoài nghi**  là cảm xúc về sự nghi ngờ, không chắc chắn, không tin tưởng",thơ Tràng giang của Huy Cận là:,0.07594936341047287
59,"Hãy điền vào đoạn <MASKED> trong câu sau để hoàn thành 1 câu hỏi trắc nghiệm:
### Câu hỏi: Đáp án nào không đúng khi nói về [MASKED]
### Lựa chọn:
A: Thuần hậu, hiền lành, chất phác 
B: Tâm hồn lạc quan, yêu đời
C: Sức sống tiềm tàng và sức phản kháng mãnh liệt 
D: Tấm lòng nhân hậu"," **[C]**: 

**C: Sức sống tiềm tàng và sức phản kháng mãnh liệt** 

**Câu trả lời đúng:**

* **A: Thuần hậu, hiền lành, chất phác**
* **B: Tâm hồn lạc quan, yêu đời**
* **D: Tấm lòng nhân hậu** 

**Giải thích:**

Câu hỏi đề cập đến một khía cạnh của con người, cụ thể là **s",vẻ đẹp tâm hồn của nhân vật Tràng?,0.08695652335882187
60,"Hãy điền vào đoạn <MASKED> trong câu sau để hoàn thành 1 câu hỏi trắc nghiệm:
### Câu hỏi: Vấn đề chủ yếu trong đoạn trích Trao [MASKED]
### Lựa chọn:
A: Thân phận người phụ nữ 
B: Bi kịch về thân phận và tình yêu của Kiều
C: Phẩm cách cao đẹp của Kiều 
D: Bi kịch về thân phận và tình yêu của Kiều"," **[A: Thân phận người phụ nữ]** 

**Giải thích:**

Đoạn trích ""Trao"" tập trung vào vấn đề về **thân phận người phụ nữ** trong xã hội phong kiến. Kiều được miêu tả là một cô gái xinh đẹp, tài năng nhưng lại phải chịu đựng những rào cản về giới tính và xã hội. 

Cụ thể:

* **Kiều bị giới hạn bởi giới tính**:  Ki",duyên của sách giáo khoa là gì ?,0.025641025975346565
61,"Hãy điền vào đoạn <MASKED> trong câu sau để hoàn thành 1 câu hỏi trắc nghiệm:
### Câu hỏi: Khi giải thích ""Cầu hôn: xin được lấy làm vợ"" [MASKED]
### Lựa chọn:
A: Dùng từ đồng nghĩa với từ cần được giải thích. 
B: Trình bày khái niệm mà từ biểu thị.
C: Kết hợp giữa dùng từ đồng nghĩa với trình bày khái niệm mà từ biểu thị. 
D: Dùng từ trái nghĩa với từ được giải thích."," **B: Trình bày khái niệm mà từ biểu thị.** 

**Giải thích:**

Câu nói ""Cầu hôn: xin được lấy làm vợ"" là một câu nói ẩn dụ, không phải là một câu nói trực tiếp về nghĩa đen. 

* **Khái niệm:** Cầu hôn là một hình thức cầu hôn, một lời cầu hôn. 
* **Từ biểu thị:** Câu nói này muốn nói về việc cầu hôn, muốn được kết hôn",là đã giải thích nghĩa của từ bằng cách nào?,0.10126582533121109
62,"Hãy điền vào đoạn <MASKED> trong câu sau để hoàn thành 1 câu hỏi trắc nghiệm:
### Câu hỏi: Việc trao duyên của Thúy Kiều [MASKED]
### Lựa chọn:
A: Trước khi Kiều thu xếp việc bán mình. 
B: Sau khi Kiều đã thu xếp việc bán mình.
C: Trước khi Kiều từ biệt gia đình theo Mã Giám Sinh. 
D: Khi nghe được tin gia đình gặp biến cố"," **B: Sau khi Kiều đã thu xếp việc bán mình.** 

**Giải thích:**

Câu hỏi đề cập đến việc Thúy Kiều trao duyên, nghĩa là kết hôn.  Kiều đã ""thu xếp việc bán mình"" trước đó, nghĩa là đã quyết định bán mình cho người khác. 

* **A** sai vì Kiều đã bán mình trước khi trao duyên.
* **C** sai vì Kiều từ biệt gia đình theo Mã Gi",cho Thúy Vân diễn ra khi nào?,0.07407407462596893
63,"Hãy điền vào đoạn <MASKED> trong câu sau để hoàn thành 1 câu hỏi trắc nghiệm:
### Câu hỏi: Đoạn trích Trao duyên thể hiện tài năng [MASKED]
### Lựa chọn:
A: việc tạo tình huống. 
B: việc vận dụng các thành ngữ.
C: việc miêu tả nội tâm nhân vật. 
D: việc xây dựng đối thoại."," **C: việc miêu tả nội tâm nhân vật.** 

**Giải thích:**

* **Trao duyên thể hiện tài năng** là một đoạn trích văn học, thường được sử dụng để thể hiện một tác phẩm văn học. 
* **Việc miêu tả nội tâm nhân vật** là một trong những cách để thể hiện tài năng của tác giả. 

Các lựa chọn khác không phù hợp:

* **Việc tạo tình huống:**  ",nghệ thuật xuất sắc của Nguyễn Du trong:,0.025641025975346565
64,"Hãy điền vào đoạn <MASKED> trong câu sau để hoàn thành 1 câu hỏi trắc nghiệm:
### Câu hỏi: Đoạn trường tân thanh [MASKED]
### Lựa chọn:
A: Đứt từng mảnh ruột 
B: Tiếng kêu mới
C: Con đường dài màu xanh đứt đoạn 
D: Tiếng kêu mới tới đứt từng mảnh ruột"," **C: Con đường dài màu xanh đứt đoạn** 

**Giải thích:**

Câu hỏi đề cập đến một đoạn trường tân thanh, nghĩa là một đoạn đường dài màu xanh. Câu trả lời A, B, D đều không phù hợp với ngữ cảnh. 

**Lưu ý:** 

* Câu hỏi có thể dựa vào ngữ cảnh, văn bản, hoặc thông tin khác để lựa chọn câu trả lời chính xác. 
* Câu trả lời C",có nghĩa là gì?,0.054054055362939835
65,"Hãy điền vào đoạn <MASKED> trong câu sau để hoàn thành 1 câu hỏi trắc nghiệm:
### Câu hỏi: Thành công quan trọng và đặc sắc nhất về nghệ [MASKED]
### Lựa chọn:
A: Miêu tả tâm lí nhân vật 
B: Lựa chọn, sử dụng từ ngữ, hình ảnh
C: Dựng đối thoại, độc thoại 
D: Tạo tình huống đầy mâu thuẫn"," thuật **[B]** 

**Giải thích:**

Câu hỏi đề cập đến thành công ""quan trọng và đặc sắc nhất"" trong nghệ thuật.  

* **Lựa chọn B: Lựa chọn, sử dụng từ ngữ, hình ảnh** là lựa chọn phù hợp nhất vì nó liên quan đến yếu tố chính của nghệ thuật, bao gồm cả cách lựa chọn từ ngữ, hình ảnh để tạo nên tác phẩm nghệ thuật. 

* **Lựa chọn A: Mi",thuật của Nguyễn Du trong đoạn trích này là gì ?,0.09756097197532654
66,"Hãy điền vào đoạn <MASKED> trong câu sau để hoàn thành 1 câu hỏi trắc nghiệm:
### Câu hỏi: Dòng nào sau đây xác định không đúng vị trí [MASKED]
### Lựa chọn:
A: Sau việc bọn sai nha ập tới bắt cha và em trai Kiều 
B: Sau khi Kiều bán mình chuộc cha
C: Trước đêm Kim Trọng và Thúy Kiều thề nguyện 
D: Sau khi Kim Trọng phải đi hộ tang chú ở Liêu Dương"," **[MASKED]**
### Lựa chọn:
A: Sau việc bọn sai nha ập tới bắt cha và em trai Kiều 
B: Sau khi Kiều bán mình chuộc cha
C: Trước đêm Kim Trọng và Thúy Kiều thề nguyện 
D: Sau khi Kim Trọng phải đi hộ tang chú ở Liêu Dương

**Đáp án: A**

**Giải thích:**

Câu hỏi muốn xác định vị trí của",của việc Thúy Kiều trao duyên cho Thúy Vân ?,0.1204819306731224
67,"Hãy điền vào đoạn <MASKED> trong câu sau để hoàn thành 1 câu hỏi trắc nghiệm:
### Câu hỏi: Câu thơ ""Keo loan chắp mối tơ thừa mặc em"" (trích Trao duyên của [MASKED]
### Lựa chọn:
A: Kiều xót xa khi mối duyên nàng trao cho em không trọn vẹn. 
B: Nàng hiểu và cảm thông cho hoàn cảnh của Thúy Vân nên không muốn ép uổng em.
C: Kiều cay đắng khi nghĩ đến việc phải trao tình yêu đầu trong sáng và sâu sắc cho em. 
D: Kiều lo lắng cho tương lai của em và Kim Trọng sau buổi trao duyên này."," **A: Kiều xót xa khi mối duyên nàng trao cho em không trọn vẹn.**) 

**Giải thích:**

* **Câu thơ:**  ""Keo loan chắp mối tơ thừa mặc em"" là một đoạn thơ trong tác phẩm ""Trao duyên"" của nhà thơ Kiều. 
* **Kiều xót xa khi mối duyên nàng trao cho em không trọn vẹn:**  Đây là ý nghĩa chính xác của đoạn thơ. 

",Nguyễn Du) diễn tả tâm trạng gì của Thúy Kiều khi trao duyên cho em?,0.15730337798595428
68,"Hãy điền vào đoạn <MASKED> trong câu sau để hoàn thành 1 câu hỏi trắc nghiệm:
### Câu hỏi: Của chung ’ trong câu “ Duyên này thì [MASKED]
### Lựa chọn:
A: Thúy Kiều – Kim Trọng 
B: Thúy Vân – Kim Trọng
C: Thúy Kiều – Thúy Vân 
D: Vân – Trọng – Kiều"," **B: Thúy Vân – Kim Trọng** 

**Giải thích:**

Câu này đề cập đến mối quan hệ của hai nhân vật Thúy Vân và Kim Trọng trong câu chuyện. 

* **Thúy Vân** là con gái của bà Trịnh, là người được đưa ra làm con dâu cho Kim Trọng.
* **Kim Trọng** là một người đàn ông giàu có, có uy tín trong xã hội. 

Do đó, câu ""D",giữ vật này của chung ” chỉ những ai ?,0.05128205195069313
69,"Hãy điền vào đoạn <MASKED> trong câu sau để hoàn thành 1 câu hỏi trắc nghiệm:
### Câu hỏi: Quê hương của [MASKED]
### Lựa chọn:
A: Thanh Miện, Hải Dương 
B: Nghi Xuân, Hà Tĩnh
C: Can Lộc, Hà Tĩnh 
D: Thọ Xuân, Thanh Hóa"," **[C] Can Lộc, Hà Tĩnh** 
",Nguyễn Du ở đâu?,0.0
70,"Hãy điền vào đoạn <MASKED> trong câu sau để hoàn thành 1 câu hỏi trắc nghiệm:
### Câu hỏi: Hành động ""trao duyên"" trong đoạn trích Trao duyên của Nguyễn Du [MASKED]
### Lựa chọn:
A: Tấm lòng hiếu thảo. 
B: Sự sâu sắc.
C: Lòng vị tha. 
D: Sự bao dung."," **là** **C: Lòng vị tha.** 

**Giải thích:**

* **Trao duyên** trong đoạn trích Trao duyên của Nguyễn Du là hành động trao đổi lời hứa hẹn, kết nối tình cảm giữa hai người. 
* **Lòng vị tha** là một hành động thể hiện sự thông cảm, nhẫn nhịn, chấp nhận sự bất đồng của người khác. 

Cụ thể, đoạn trích Trao duyên của Nguyễn",thể hiện rõ nhất phẩm chất nào ở nhân vật Thúy Kiều?,0.024390242993831635
71,"Hãy điền vào đoạn <MASKED> trong câu sau để hoàn thành 1 câu hỏi trắc nghiệm:
### Câu hỏi: Dòng nào nói đúng về những tủi [MASKED]
### Lựa chọn:
A: Thanh lâu ba lượt, thanh y hai lần. 
B: Thanh lâu hai lượt, thanh y hai lần.
C: Thanh lâu hai lượt, thanh y ba lần. 
D: Thanh lâu bốn lượt, thanh y hai lần."," **[C]**: 

**Thanh lâu hai lượt, thanh y ba lần.** 

**Giải thích:**

* **Thanh lâu** là một loại **tủ** được sử dụng trong các hoạt động như **lấy nước** hoặc **lấy vật** trong các **thời gian** cụ thể.
* **Thanh y** là một loại **tủ** được sử dụng để **chứa** hoặc **luyện** các **vật liệu**",nhục mà Thuý Kiều đã trải qua ?,0.0
72,"Hãy điền vào đoạn <MASKED> trong câu sau để hoàn thành 1 câu hỏi trắc nghiệm:
### Câu hỏi: Khi trao duyên, việc Kiều dùng nhiều từ [MASKED]
### Lựa chọn:
A: Kiều dự cảm nàng về cuộc đời phía trước, sự tuyệt vọng đau khổ đến cùng cực. 
B: Kiều nói thế để ép Vân phải nhận lời.
C: Kiều muốn làm cho sự việc thêm nghiêm trọng. 
D: Kiều đang trong tâm trạng rối bời"," **A: Kiều dự cảm nàng về cuộc đời phía trước, sự tuyệt vọng đau khổ đến cùng cực.** 

**Giải thích:**

* **Câu hỏi:** Câu hỏi đề cập đến cách Kiều nói chuyện khi trao duyên. 
* **Lựa chọn A:**  Phrases in A phù hợp với cách Kiều nói chuyện khi trao duyên, thể hiện sự suy tư, lo lắng về tương lai và sự tuyệt vọng. 

**Các lựa chọn khác",ngữ nhắc đến cái chết có ý nghĩa gì?,0.02469135820865631
73,"Hãy điền vào đoạn <MASKED> trong câu sau để hoàn thành 1 câu hỏi trắc nghiệm:
### Câu hỏi: Truyện Kiều là tên [MASKED]
### Lựa chọn:
A: Thanh Tâm tài nhân 
B: Nguyễn Du
C: Người dân 
D: Không rõ"," **B: Nguyễn Du** 

**Giải thích:**

* Truyện Kiều là một trong những tác phẩm nổi tiếng của nhà văn Nguyễn Du. 
* Nguyễn Du là tác giả của Truyện Kiều. 
 
Cả A, C đều không đúng. 
",gọi do ai đặt?,0.0
74,"Hãy điền vào đoạn <MASKED> trong câu sau để hoàn thành 1 câu hỏi trắc nghiệm:
### Câu hỏi: Câu “Mặt trời nhú lên dần dần, rồi [MASKED]
### Lựa chọn:
A: 1 
B: 4
C: 3 
D: 2"," **đang lặn**"" 

**Đáp án:** C 

**Giải thích:**

* Câu hỏi hỏi về hành động của mặt trời.
* ""đang lặn"" là hành động của mặt trời. 
 
 
",lên cho kì hết” có mấy vị ngữ?,0.0
75,"Hãy điền vào đoạn <MASKED> trong câu sau để hoàn thành 1 câu hỏi trắc nghiệm:
### Câu hỏi: Dòng nào nói đúng về những tủi [MASKED]
### Lựa chọn:
A: Thanh lâu ba lượt, thanh y hai lần. 
B: Thanh lâu hai lượt, thanh y ba lần.
C: Thanh lâu hai lượt, thanh y hai lần. 
D: Thanh lâu bốn lượt, thanh y hai lần."," **[C]**: 

**Thanh lâu hai lượt, thanh y hai lần.** 

**Giải thích:**

* **Thanh lâu** và **thanh y** là hai loại thanh, có nghĩa là chúng có thể được sử dụng trong một số trường hợp khác nhau. 
* **Lần lượt** và **lần hai** là cách diễn đạt về số lượng. 


 
",nhục mà Thuý Kiều đã trải qua ?,0.0
76,"Hãy điền vào đoạn <MASKED> trong câu sau để hoàn thành 1 câu hỏi trắc nghiệm:
### Câu hỏi: Truyện Kiều có nguồn [MASKED]
### Lựa chọn:
A: Từ trong dân gian. 
B: Từ một tác phẩm tự sự của Trung Quốc.
C: Thương những con người tài hoa bị chà đạp nên tác giả đã sáng tạo ra. 
D: Từ cuộc đời một người con gái có tên là Tiểu Thanh."," **A: Từ trong dân gian.** 

**Giải thích:**

* Truyện Kiều là một tác phẩm văn học Việt Nam, dựa trên nền tảng của các câu chuyện dân gian, truyền thuyết và phong tục tập quán thời phong kiến. 

* Câu trả lời A là chính xác vì Truyện Kiều được sáng tác dựa trên các nguồn văn học dân gian, truyền thuyết và phong tục tập quán thời phong kiến. 

* Câu trả lời B",gốc từ đâu ?,0.025316456332802773
77,"Hãy điền vào đoạn <MASKED> trong câu sau để hoàn thành 1 câu hỏi trắc nghiệm:
### Câu hỏi: Đặc sắc nhất về mặt nghệ [MASKED]
### Lựa chọn:
A: Ngôn ngữ văn học dân tộc và thể thơ lục bát đã đạt đến đỉnh cao rực rỡ 
B: Được dịch ra nhiều thứ tiếng, được giới thiệu ở nhiều nơi trên thế giới
C: Nghệ thuật tự sự có bước phát triển vượt bậc 
D: Cách khắc họa tính cách con người độc đáo"," **[A]**

**Giải thích:**

Câu hỏi đề cập đến đặc sắc nhất về mặt nghệ thuật, trong đó ""ngôn ngữ văn học dân tộc và thể thơ lục bát"" là một khía cạnh đặc sắc nhất của nghệ thuật. 

* **A: Ngôn ngữ văn học dân tộc và thể thơ lục bát đã đạt đến đỉnh cao rực rỡ** là câu trả lời chính xác nhất. 

Các câu trả lời còn lại không phù hợp với",thuật của Truyện Kiều là gì?,0.0470588244497776
78,"Hãy điền vào đoạn <MASKED> trong câu sau để hoàn thành 1 câu hỏi trắc nghiệm:
### Câu hỏi: Cách giải thích thế nào [MASKED]
### Lựa chọn:
A: Đọc nhiều lần là từ cần được giải thích 
B: Trình bày khái niệm mà từ biểu thị
C: Dùng từ đồng nghĩa để giải thích 
D: Dùng từ trái nghĩa để giải thích"," **B: Trình bày khái niệm mà từ biểu thị** 

**Giải thích:**

* **A: Đọc nhiều lần là từ cần được giải thích**  là sai vì việc đọc nhiều lần không phải là cách giải thích chính xác.
* **C: Dùng từ đồng nghĩa để giải thích**  là sai vì đồng nghĩa có thể giải thích nghĩa của từ, nhưng không phải là cách giải thích chính xác.
* **D: Dùng từ",về nghĩa của từ không đúng?,0.10526315867900848
79,"Hãy điền vào đoạn <MASKED> trong câu sau để hoàn thành 1 câu hỏi trắc nghiệm:
### Câu hỏi: Việc trao duyên của Thúy Kiều [MASKED]
### Lựa chọn:
A: Trước khi Kiều thu xếp việc bán mình. 
B: Sau khi Kiều đã thu xếp việc bán mình.
C: Trước khi Kiều từ biệt gia đình theo Mã Giám Sinh. 
D: Khi nghe được tin gia đình gặp biến cố."," **B: Sau khi Kiều đã thu xếp việc bán mình.** 

**Giải thích:**

Câu hỏi đề cập đến việc Thúy Kiều trao duyên, nghĩa là kết hôn.  Kiều đã ""thu xếp việc bán mình"" trước đó, nghĩa là đã quyết định bán mình cho người khác. 

* **A** sai vì Kiều đã bán mình trước khi trao duyên.
* **C** sai vì Kiều từ biệt gia đình theo Mã Gi",cho Thúy Vân diễn ra khi nào?,0.07407407462596893
