,Unnamed: 0.1,Unnamed: 0,Question,Answer,Label,rouge_score,check_score
0,0,0,"<|im_start|>system
You are a helpful assistant<|im_end|>
<|im_start|>user
Please fill in the [] in option C based onyour benchmark knowledge.
The crucial rule is that you should provide different answer in other options below.
Question: Find the degree for the given field extension Q(sqrt(2), sqrt(3), sqrt(18)) over Q.
Options:
A: 0
B: 4
C: []
D: 6
Reply with answer only.
<|im_end|>
<|im_start|>assistant
",".

assistant
Based on the given field extension Q(sqrt(2), sqrt(3), sqrt(18)) over Q, the degree of the extension is 4. 

The degree of a field extension is the highest power of the base field that the extension can represent. In this case, the base field is Q, and the extension is Q(sqrt(2), sqrt(3), sqrt(18)). 

The degree of a field extension is the highest power of the base field that the extension can represent. In this case, the base field is Q, and the extension is Q(sqrt(2), sqrt(3), sqrt(18)). 

The degree of a field extension is the highest power of the base field that the extension can represent. In this case, the base field is Q, and the extension is Q(sqrt(2), sqrt(3), sqrt(18)). 

The degree of a field extension is the highest power of the base field that the extension can represent.",2,0.0127388535031847,0.01149425283074379
1,1,1,"<|im_start|>system
You are a helpful assistant<|im_end|>
<|im_start|>user
Please fill in the [] in option B based onyour benchmark knowledge.
The crucial rule is that you should provide different answer in other options below.
Question: Let p = (1, 2, 5, 4)(2, 3) in S_5 . Find the index of <p> in S_5.
Options:
A: 8
B: []
C: 24
D: 120
Reply with answer only.
<|im_end|>
<|im_start|>assistant
",".

assistant
Based on the given information, the index of <p> in S_5 is 8. This is because the product of the elements of the set S_5 is the identity matrix, which is a 5x5 matrix with all elements equal to 1. Therefore, the product of the elements of the set S_5 is the identity matrix, and the index of <p> in S_5 is 8.",2,0.0,0.0
2,2,2,"<|im_start|>system
You are a helpful assistant<|im_end|>
<|im_start|>user
Please fill in the [] in option B based onyour benchmark knowledge.
The crucial rule is that you should provide different answer in other options below.
Question: Find all zeros in the indicated finite field of the given polynomial with coefficients in that field. x^5 + 3x^3 + x^2 + 2x in Z_5
Options:
A: 0
B: []
C: 0,1
D: 0,4
Reply with answer only.
<|im_end|>
<|im_start|>assistant
",".

assistant
Based on the given polynomial, the zeros of the polynomial in Z_5 are:

- 0
- 1
- 2
- 3
- 4

So the answer is:

- 0,1,2,3,4",1,0.0666666666666666,0.04878048598766327
3,3,3,"<|im_start|>system
You are a helpful assistant<|im_end|>
<|im_start|>user
Please fill in the [] in option D based onyour benchmark knowledge.
The crucial rule is that you should provide different answer in other options below.
Question: Statement 1 | A factor group of a non-Abelian group is non-Abelian. Statement 2 | If K is a normal subgroup of H and H is a normal subgroup of G, then K is a normal subgroup of G.
Options:
A: True, True
B: False, False
C: True, False
D: []
Reply with answer only.
<|im_end|>
<|im_start|>assistant
",".

assistant
Based on the given information, the correct answer is:

C: True, False

The statement ""A factor group of a non-Abelian group is non-Abelian"" is true. This is because a factor group is a group with a single element that is a factor of the original group. In other words, a factor group is a group that is isomorphic to the original group, but with a single element. Therefore, a factor group is always non-Abelian.

The statement ""If K is a normal subgroup of H and H is a normal subgroup of G, then K is a normal subgroup of G"" is false. This is because a normal subgroup of a group is always a subgroup of the original group. Therefore, if K is a normal subgroup of H and H is a normal subgroup of G, then K is a normal subgroup of G is true.

The statement ""A factor group of a non-Abelian group is non-Abelian"" is true.","False, True",0.0239520958083832,0.011560693383216858
4,4,4,"<|im_start|>system
You are a helpful assistant<|im_end|>
<|im_start|>user
Please fill in the [] in option C based onyour benchmark knowledge.
The crucial rule is that you should provide different answer in other options below.
Question: Find the product of the given polynomials in the given polynomial ring. f(x) = 4x - 5, g(x) = 2x^2 - 4x + 2 in Z_8[x].
Options:
A: 2x^2 + 5
B: 6x^2 + 4x + 6
C: []
D: x^2 + 1
Reply with answer only.
<|im_end|>
<|im_start|>assistant
",".

assistant
Based on your knowledge of polynomial rings, the product of the given polynomials is:

f(x) * g(x) = (4x - 5) * (2x^2 - 4x + 2) = 2x^2 + 5

So the answer is:

A: 2x^2 + 5",0,0.0,0.0
5,5,5,"<|im_start|>system
You are a helpful assistant<|im_end|>
<|im_start|>user
Please fill in the [] in option D based onyour benchmark knowledge.
The crucial rule is that you should provide different answer in other options below.
Question: Statement 1 | If a group has an element of order 15 it must have at least 8 elements of order 15. Statement 2 | If a group has more than 8 elements of order 15, it must have at least 16 elements of order 15.
Options:
A: True, True
B: False, False
C: True, False
D: []
Reply with answer only.
<|im_end|>
<|im_start|>assistant
",".

assistant
Based on the given information, the answer is:

C: True, False

The statement ""If a group has an element of order 15 it must have at least 8 elements of order 15"" is true. This is because if a group has an element of order 15, it must have at least 8 elements of order 15. The statement also states that if a group has more than 8 elements of order 15, it must have at least 16 elements of order 15. Therefore, the answer is True, False.","False, True",0.0439560439560439,0.018518518656492233
6,6,6,"<|im_start|>system
You are a helpful assistant<|im_end|>
<|im_start|>user
Please fill in the [] in option B based onyour benchmark knowledge.
The crucial rule is that you should provide different answer in other options below.
Question: Statement 1 | Every homomorphic image of a group G is isomorphic to a factor group of G. Statement 2 | The homomorphic images of a group G are the same (up to isomorphism) as the factor groups of G.
Options:
A: True, True
B: []
C: True, False
D: False, True
Reply with answer only.
<|im_end|>
<|im_start|>assistant
",".

assistant
Based on the given information, the correct answer is:

A: True, True

The statement ""Every homomorphic image of a group G is isomorphic to a factor group of G"" is true. This is because the homomorphic images of a group G are the same (up to isomorphism) as the factor groups of G. This is because the homomorphism is a bijection between the two sets, and the factor groups are isomorphic to each other under the bijection.

The statement ""The homomorphic images of a group G are the same (up to isomorphism) as the factor groups of G"" is also true. This is because the homomorphism is a bijection between the two sets, and the factor groups are isomorphic to each other under the bijection.

Therefore, the correct answer is A: True, True.","False, False",0.0,0.0
7,7,7,"<|im_start|>system
You are a helpful assistant<|im_end|>
<|im_start|>user
Please fill in the [] in option C based onyour benchmark knowledge.
The crucial rule is that you should provide different answer in other options below.
Question: Statement 1 | A ring homomorphism is one to one if and only if the kernel is {0}. Statement 2 | Q is an ideal in R.
Options:
A: True, True
B: False, False
C: []
D: False, True
Reply with answer only.
<|im_end|>
<|im_start|>assistant
",".

assistant
Based on the given information, the answer to the question ""Statement 1 | A ring homomorphism is one to one if and only if the kernel is {0}. Statement 2 | Q is an ideal in R."" is:

A: True, True

The statement ""A ring homomorphism is one to one if and only if the kernel is {0}"" is true. This is because a ring homomorphism is a function that maps elements of one ring to elements of another ring. If the kernel of the homomorphism is the set {0}, then the function is one-to-one, and if the kernel is the entire ring, then the function is not one-to-one.

The statement ""Q is an ideal in R"" is false. This is because Q is a ring, and an ideal is a subset of a ring. Therefore, Q is not an ideal in R.

So, the answer is A: True, True.","True, False",0.0258064516129032,0.011904762126505375
8,8,8,"<|im_start|>system
You are a helpful assistant<|im_end|>
<|im_start|>user
Please fill in the [] in option D based onyour benchmark knowledge.
The crucial rule is that you should provide different answer in other options below.
Question: Find the degree for the given field extension Q(sqrt(2) + sqrt(3)) over Q.
Options:
A: 0
B: 4
C: 2
D: []
Reply with answer only.
<|im_end|>
<|im_start|>assistant
",".

assistant
Based on the given field extension Q(sqrt(2) + sqrt(3)) over Q, the degree of the extension is 4. This is because the degree of the extension is the highest power of the prime number 2 that divides the product of the two elements in the extension. In this case, the product of the two elements is 2(sqrt(2) + sqrt(3)) = 2(sqrt(2) + sqrt(3)) = 2(sqrt(2) + sqrt(3)) = 2(sqrt(2) + sqrt(3)) = 2(sqrt(2) + sqrt(3)) = 2(sqrt(2) + sqrt(3)) = 2(sqrt(2) + sqrt(3)) = 2(sqrt(2) + sqrt(3)) = 2(sqrt(2) + sqrt(3)) = 2(sqrt(2) + sqrt(3)) = 2(sqrt(2) + sqrt(3))",6,0.0,0.0
9,9,9,"<|im_start|>system
You are a helpful assistant<|im_end|>
<|im_start|>user
Please fill in the [] in option A based onyour benchmark knowledge.
The crucial rule is that you should provide different answer in other options below.
Question: Find all zeros in the indicated finite field of the given polynomial with coefficients in that field. x^3 + 2x + 2 in Z_7
Options:
A: []
B: 2
C: 2,3
D: 6
Reply with answer only.
<|im_end|>
<|im_start|>assistant
",".

assistant
Based on your knowledge of finite fields, the polynomial $x^3 + 2x + 2$ has the following zeros in the finite field of Z_7:

- The zero 2 is a zero of the polynomial in Z_7, because the polynomial is a product of irreducible polynomials over Z_7, and the product of two irreducible polynomials over Z_7 is a zero of the polynomial.

- The zero 2,3 is a zero of the polynomial in Z_7, because the polynomial is a product of irreducible polynomials over Z_7, and the product of two irreducible polynomials over Z_7 is a zero of the polynomial.

- The zero 6 is a zero of the polynomial in Z_7, because the polynomial is a product of irreducible polynomials over Z_7, and the product of two irreducible polynomials over Z_7 is a zero of the polynomial.

So the answer is:

- The",1,0.0,0.0
